City,Province,Type,Latitude,Longitude
ADANA,,City,36.98451,35.33368
ADIYAMAN,,City,37.75545,38.27349
AFYONKARAHİSAR,,City,38.75812,30.53685
AĞRI,,City,39.71467,43.04015
AMASYA,,City,40.65157,35.82666
ANKARA,,City,39.93834,32.84785
ANTALYA,,City,36.9071,30.69625
ARTVİN,,City,41.17899,41.84118
AYDIN,,City,37.84074,27.8377
BİLECİK,,City,40.14666,29.98239
BİNGÖL,,City,38.88375,40.48722
BİTLİS,,City,38.39966,42.11696
BOLU,,City,40.74116,31.58541
BURDUR,,City,37.72042,30.28324
BURSA,,City,40.1965,29.05892
ÇANAKKALE,,City,40.1238,26.41927
ÇANKIRI,,City,40.59099,33.61019
ÇORUM,,City,40.55264,34.94865
DİYARBAKIR,,City,37.92408,40.21252
EDİRNE,,City,41.67613,26.54349
ELAZIĞ,,City,38.66775,39.2069
ERZİNCAN,,City,39.74847,39.47915
ERZURUM,,City,39.89821,41.26916
ESKİŞEHİR,,City,39.76853,30.49444
GAZİANTEP,,City,37.06705,37.36819
GİRESUN,,City,40.89198,38.40736
GÜMÜŞHANE,,City,40.45843,39.47826
HAKKARİ,,City,37.57467,43.77777
HATAY,,City,36.19888,36.15889
ISPARTA,,City,37.7831,30.55273
MERSİN,,City,36.82176,34.65442
KARS,,City,40.61782,43.11538
KASTAMONU,,City,41.37001,33.74033
KAYSERİ,,City,38.72229,35.48863
KIRKLARELİ,,City,41.73592,27.21886
KIRŞEHİR,,City,39.14643,34.15977
KOCAELİ,,City,40.78106,29.93813
KONYA,,City,37.84396,32.50443
KÜTAHYA,,City,39.43472,29.99486
MALATYA,,City,38.34699,38.32874
MANİSA,,City,38.62227,27.43366
KAHRAMANMARAŞ,,City,37.57726,36.9277
MARDİN,,City,37.31229,40.73779
MUĞLA,,City,37.20346,28.35162
MUŞ,,City,38.74197,41.49744
NEVŞEHİR,,City,38.6204,34.70958
NİĞDE,,City,37.97004,34.67665
ORDU,,City,40.95363,37.89751
RİZE,,City,41.00995,40.48769
SAKARYA,,City,40.78056,30.39999
SAMSUN,,City,41.2887,36.29387
SİİRT,,City,37.92836,41.93528
SİVAS,,City,39.73847,37.01477
TEKİRDAĞ,,City,40.96786,27.46682
TOKAT,,City,40.31415,36.55247
TRABZON,,City,40.98554,39.68653
TUNCELİ,,City,39.09921,39.54351
ŞANLIURFA,,City,37.15359,38.78604
UŞAK,,City,38.67029,29.40225
VAN,,City,38.49456,43.38323
YOZGAT,,City,39.81411,34.78552
ZONGULDAK,,City,41.44075,31.81232
AKSARAY,,City,38.37285,34.01409
BAYBURT,,City,40.25631,40.22289
KARAMAN,,City,37.18275,33.21599
KIRIKKALE,,City,39.86353,33.49583
BATMAN,,City,37.88786,41.13062
ŞIRNAK,,City,37.52226,42.45676
BARTIN,,City,41.63003,32.32773
ARDAHAN,,City,41.11366,42.70139
IĞDIR,,City,39.91587,44.06226
YALOVA,,City,40.63699,29.25493
KARABÜK,,City,41.18997,32.6065
KİLİS,,City,36.71558,37.11333
OSMANİYE,,City,37.05238,36.26564
DÜZCE,,City,40.80805,31.14011
ADANA,SEYHAN,District,36.99257,35.2732
ADANA,YÜREĞİR,District,36.95687,35.34712
ADANA,ALADAĞ,District,37.54996,35.39295
ADANA,CEYHAN,District,36.99161,35.82259
ADANA,FEKE,District,37.80933,35.90697
ADANA,İMAMOĞLU,District,37.25254,35.66983
ADANA,KARAİSALI,District,37.24929,35.06098
ADANA,KARATAŞ,District,36.58129,35.37737
ADANA,KOZAN,District,37.45718,35.80839
ADANA,POZANTI,District,37.42231,34.87229
ADANA,SAİMBEYLİ,District,37.98553,36.09441
ADANA,TUFANBEYLİ,District,38.25529,36.22069
ADANA,YUMURTALIK,District,36.78552,35.78153
ADANA,SARIÇAM,District,37.05029,35.43882
ADANA,ÇUKUROVA,District,37.06198,35.2276
ADIYAMAN,BESNİ,District,37.69469,37.86232
ADIYAMAN,ÇELİKHAN,District,38.03299,38.23654
ADIYAMAN,GERGER,District,38.02807,39.03418
ADIYAMAN,GÖLBAŞI,District,37.77685,37.63743
ADIYAMAN,KÂHTA,District,37.77509,38.61394
ADIYAMAN,SAMSAT,District,37.58049,38.47562
ADIYAMAN,SİNCİK,District,38.03645,38.61257
ADIYAMAN,TUT,District,37.79818,37.91241
AFYONKARAHİSAR,BAŞMAKÇI,District,37.89875,30.00914
AFYONKARAHİSAR,BAYAT,District,38.98285,30.92197
AFYONKARAHİSAR,BOLVADİN,District,38.70456,31.03929
AFYONKARAHİSAR,ÇAY,District,38.59543,31.02484
AFYONKARAHİSAR,ÇOBANLAR,District,38.70087,30.78257
AFYONKARAHİSAR,DAZKIRI,District,37.92117,29.8612
AFYONKARAHİSAR,DİNAR,District,38.06856,30.16524
AFYONKARAHİSAR,EMİRDAĞ,District,39.01904,31.15069
AFYONKARAHİSAR,EVCİLER,District,38.03778,29.88269
AFYONKARAHİSAR,HOCALAR,District,38.57638,29.96149
AFYONKARAHİSAR,İHSANİYE,District,39.03122,30.41708
AFYONKARAHİSAR,İSCEHİSAR,District,38.85468,30.74918
AFYONKARAHİSAR,KIZILÖREN,District,38.25612,30.15163
AFYONKARAHİSAR,SANDIKLI,District,38.46392,30.27186
AFYONKARAHİSAR,SİNANPAŞA,District,38.74721,30.24504
AFYONKARAHİSAR,SULTANDAĞI,District,38.52827,31.22188
AFYONKARAHİSAR,ŞUHUT,District,38.53303,30.54455
AĞRI,DİYADİN,District,39.54185,43.68016
AĞRI,DOĞUBAYAZIT,District,39.55129,44.07646
AĞRI,ELEŞKİRT,District,39.79803,42.67574
AĞRI,HAMUR,District,39.60859,42.98773
AĞRI,PATNOS,District,39.23396,42.8612
AĞRI,TAŞLIÇAY,District,39.64344,43.37572
AĞRI,TUTAK,District,39.53854,42.76587
AMASYA,GÖYNÜCEK,District,40.39402,35.52593
AMASYA,GÜMÜŞHACIKÖY,District,40.8761,35.21749
AMASYA,HAMAMÖZÜ,District,40.7767,35.01443
AMASYA,MERZİFON,District,40.86174,35.45879
AMASYA,SULUOVA,District,40.82168,35.63607
AMASYA,TAŞOVA,District,40.76139,36.32196
ANKARA,ALTINDAĞ,District,39.93857,32.85882
ANKARA,ÇANKAYA,District,39.89098,32.83864
ANKARA,ETİMESGUT,District,39.91591,32.63148
ANKARA,GÖLBAŞI,District,39.7648,32.81802
ANKARA,KEÇİÖREN,District,40.00271,32.82591
ANKARA,MAMAK,District,39.9384,32.90637
ANKARA,SİNCAN,District,39.94064,32.57568
ANKARA,YENİMAHALLE,District,39.9809,32.76938
ANKARA,AKYURT,District,40.13325,33.08592
ANKARA,AYAŞ,District,40.0168,32.33233
ANKARA,BALA,District,39.55401,33.12479
ANKARA,BEYPAZARI,District,40.16395,31.91813
ANKARA,ÇAMLIDERE,District,40.4917,32.47633
ANKARA,ÇUBUK,District,40.23959,33.02822
ANKARA,ELMADAĞ,District,39.92122,33.2352
ANKARA,EVREN,District,39.0228,33.80692
ANKARA,GÜDÜL,District,40.21068,32.24289
ANKARA,HAYMANA,District,39.43821,32.48974
ANKARA,KALECİK,District,40.10191,33.41944
ANKARA,KAZAN,District,40.20436,32.69095
ANKARA,KIZILCAHAMAM,District,40.46962,32.65549
ANKARA,NALLIHAN,District,40.1864,31.35074
ANKARA,POLATLI,District,39.57476,32.1268
ANKARA,ŞEREFLİKOÇHİSAR,District,38.93962,33.54256
ANKARA,PURSAKLAR,District,40.03542,32.89985
ANTALYA,KEPEZ,District,36.92528,30.72467
ANTALYA,KONYAALTI,District,36.89195,30.63402
ANTALYA,MURATPAŞA,District,36.89665,30.70931
ANTALYA,AKSEKİ,District,37.04634,31.78966
ANTALYA,ALANYA,District,36.55713,31.99699
ANTALYA,ELMALI,District,36.72772,29.92462
ANTALYA,FİNİKE,District,36.2994,30.13284
ANTALYA,GAZİPAŞA,District,36.26779,32.31612
ANTALYA,GÜNDOĞMUŞ,District,36.81364,31.99794
ANTALYA,İBRADI,District,37.09758,31.59756
ANTALYA,DEMRE,District,36.24547,29.98751
ANTALYA,KAŞ,District,36.20935,29.6549
ANTALYA,KEMER,District,36.5989,30.54456
ANTALYA,KORKUTELİ,District,37.06185,30.19736
ANTALYA,KUMLUCA,District,36.3632,30.28813
ANTALYA,MANAVGAT,District,36.78302,31.44232
ANTALYA,SERİK,District,36.9141,31.10361
ANTALYA,AKSU,District,36.94586,30.8327
ANTALYA,DÖŞEMEALTI,District,37.02559,30.60212
ARTVİN,ARDANUÇ,District,41.12244,42.06554
ARTVİN,ARHAVİ,District,41.33487,41.30497
ARTVİN,BORÇKA,District,41.35869,41.6755
ARTVİN,HOPA,District,41.38578,41.43608
ARTVİN,MURGUL,District,41.28349,41.56437
ARTVİN,ŞAVŞAT,District,41.24218,42.35513
ARTVİN,YUSUFELİ,District,40.81915,41.5458
AYDIN,BOZDOĞAN,District,37.6744,28.312
AYDIN,BUHARKENT,District,37.96665,28.74407
AYDIN,ÇİNE,District,37.61561,28.06396
AYDIN,DİDİM,District,37.37899,27.26826
AYDIN,GERMENCİK,District,37.87395,27.60036
AYDIN,İNCİRLİOVA,District,37.85432,27.72524
AYDIN,KARACASU,District,37.74034,28.62515
AYDIN,KARPUZLU,District,37.56021,27.83673
AYDIN,KOÇARLI,District,37.76223,27.70731
AYDIN,KÖŞK,District,37.85545,28.05376
AYDIN,KUŞADASI,District,37.85749,27.27695
AYDIN,KUYUCAK,District,37.90875,28.46181
AYDIN,NAZİLLİ,District,37.91215,28.32872
AYDIN,SÖKE,District,37.7551,27.40414
AYDIN,SULTANHİSAR,District,37.88749,28.15429
AYDIN,YENİPAZAR,District,37.82615,28.19651
BALIKESİR,AYVALIK,District,39.30395,26.7114
BALIKESİR,BALYA,District,39.74782,27.57192
BALIKESİR,BANDIRMA,District,40.33641,27.95491
BALIKESİR,BİGADİÇ,District,39.39238,28.12638
BALIKESİR,BURHANİYE,District,39.50595,26.97674
BALIKESİR,DURSUNBEY,District,39.58978,28.61668
BALIKESİR,EDREMİT,District,39.59448,27.02329
BALIKESİR,ERDEK,District,40.41048,27.80779
BALIKESİR,GÖMEÇ,District,39.38871,26.83744
BALIKESİR,GÖNEN,District,40.09881,27.64523
BALIKESİR,HAVRAN,District,39.55998,27.09312
BALIKESİR,İVRİNDİ,District,39.57706,27.47737
BALIKESİR,KEPSUT,District,39.68737,28.15803
BALIKESİR,MANYAS,District,40.04256,27.96119
BALIKESİR,MARMARA,District,40.60443,27.56253
BALIKESİR,SAVAŞTEPE,District,39.378,27.65015
BALIKESİR,SINDIRGI,District,39.23938,28.17612
BALIKESİR,SUSURLUK,District,39.91475,28.14659
BİLECİK,BOZÜYÜK,District,39.90631,30.03594
BİLECİK,GÖLPAZARI,District,40.28533,30.31733
BİLECİK,İNHİSAR,District,40.05239,30.38451
BİLECİK,OSMANELİ,District,40.35442,30.00533
BİLECİK,PAZARYERİ,District,39.99569,29.9021
BİLECİK,SÖĞÜT,District,40.01569,30.18324
BİLECİK,YENİPAZAR,District,40.17833,30.52002
BİNGÖL,ADAKLI,District,39.22812,40.48294
BİNGÖL,GENÇ,District,38.74773,40.55343
BİNGÖL,KARLIOVA,District,39.29686,41.01201
BİNGÖL,KİĞI,District,39.30867,40.34987
BİNGÖL,SOLHAN,District,38.96856,41.05693
BİNGÖL,YAYLADERE,District,39.22599,40.06897
BİNGÖL,YEDİSU,District,39.43419,40.54482
BİTLİS,ADİLCEVAZ,District,38.80341,42.73423
BİTLİS,AHLAT,District,38.75559,42.48835
BİTLİS,GÜROYMAK,District,38.57534,42.02522
BİTLİS,HİZAN,District,38.22534,42.42617
BİTLİS,MUTKİ,District,38.4091,41.92157
BİTLİS,TATVAN,District,38.49081,42.27576
BOLU,DÖRTDİVAN,District,40.71834,32.05284
BOLU,GEREDE,District,40.80048,32.19392
BOLU,GÖYNÜK,District,40.40085,30.78699
BOLU,KIBRISCIK,District,40.407,31.8506
BOLU,MENGEN,District,40.9347,32.07351
BOLU,MUDURNU,District,40.48863,31.20171
BOLU,SEBEN,District,40.41067,31.57358
BOLU,YENİÇAĞA,District,40.77218,32.02838
BURDUR,AĞLASUN,District,37.65097,30.53454
BURDUR,ALTINYAYLA,District,36.99696,29.54594
BURDUR,BUCAK,District,37.45879,30.58835
BURDUR,ÇAVDIR,District,37.15763,29.69085
BURDUR,ÇELTİKÇİ,District,37.53698,30.48341
BURDUR,GÖLHİSAR,District,37.14318,29.50797
BURDUR,KARAMANLI,District,37.37105,29.83397
BURDUR,KEMER,District,37.35413,30.0561
BURDUR,TEFENNİ,District,37.30526,29.783
BURDUR,YEŞİLOVA,District,37.51029,29.75491
BURSA,NİLÜFER,District,40.21279,28.98773
BURSA,OSMANGAZİ,District,40.20957,29.03287
BURSA,YILDIRIM,District,40.19952,29.09131
BURSA,BÜYÜK ORHAN,District,39.7691,28.88743
BURSA,GEMLİK,District,40.42904,29.17173
BURSA,GÜRSU,District,40.22014,29.19419
BURSA,HARMANCIK,District,39.67535,29.14527
BURSA,İNEGÖL,District,40.08128,29.51105
BURSA,İZNİK,District,40.43173,29.73112
BURSA,KARACABEY,District,40.20984,28.3513
BURSA,KELES,District,39.91431,29.21643
BURSA,KESTEL,District,40.19998,29.21233
BURSA,MUDANYA,District,40.36522,28.87079
BURSA,MUSTAFAKEMALPAŞA,District,40.03801,28.40651
BURSA,ORHANELİ,District,39.90476,28.98271
BURSA,ORHANGAZİ,District,40.49248,29.30864
BURSA,YENİŞEHİR,District,40.26238,29.65061
ÇANAKKALE,AYVACIK,District,39.60713,26.41145
ÇANAKKALE,BAYRAMİÇ,District,39.81187,26.61037
ÇANAKKALE,BİGA,District,40.2265,27.23507
ÇANAKKALE,BOZCAADA,District,39.82361,26.04912
ÇANAKKALE,ÇAN,District,40.02852,27.04688
ÇANAKKALE,ECEABAT,District,40.17723,26.34248
ÇANAKKALE,EZİNE,District,39.7821,26.3453
ÇANAKKALE,GELİBOLU,District,40.4193,26.6459
ÇANAKKALE,GÖKÇEADA,District,40.18948,25.8861
ÇANAKKALE,LÂPSEKİ,District,40.33757,26.6976
ÇANAKKALE,YENİCE,District,39.92914,27.25746
ÇANKIRI,ATKARACALAR,District,40.81466,33.07495
ÇANKIRI,BAYRAMÖREN,District,40.93837,33.2575
ÇANKIRI,ÇERKEŞ,District,40.81874,32.89004
ÇANKIRI,ELDİVAN,District,40.53011,33.49614
ÇANKIRI,ILGAZ,District,40.92495,33.62771
ÇANKIRI,KIZILIRMAK,District,40.34724,33.98698
ÇANKIRI,KORGUN,District,40.73439,33.51493
ÇANKIRI,KURŞUNLU,District,40.84168,33.26039
ÇANKIRI,ORTA,District,40.62843,33.10549
ÇANKIRI,ŞABANÖZÜ,District,40.48309,33.28224
ÇANKIRI,YAPRAKLI,District,40.75588,33.77952
ÇORUM,ALACA,District,40.17436,34.83344
ÇORUM,BAYAT,District,40.64414,34.25803
ÇORUM,BOĞAZKALE,District,40.02183,34.59678
ÇORUM,DODURGA,District,40.85733,34.81243
ÇORUM,İSKİLİP,District,40.73169,34.47224
ÇORUM,KARGI,District,41.13553,34.48541
ÇORUM,LÂÇİN,District,40.77489,34.88116
ÇORUM,MECİTÖZÜ,District,40.52568,35.29356
ÇORUM,OĞUZLAR,District,40.75361,34.70264
ÇORUM,ORTAKÖY,District,40.26799,35.2462
ÇORUM,OSMANCIK,District,40.97839,34.80076
ÇORUM,SUNGURLU,District,40.16398,34.37653
ÇORUM,UĞURLUDAĞ,District,40.44475,34.45299
DENİZLİ,ACIPAYAM,District,37.42757,29.35076
DENİZLİ,BABADAĞ,District,37.80992,28.85681
DENİZLİ,BAKLAN,District,37.97815,29.60786
DENİZLİ,BEKİLLİ,District,38.23224,29.41928
DENİZLİ,BEYAĞAÇ,District,37.23565,28.89673
DENİZLİ,BOZKURT,District,37.82829,29.60314
DENİZLİ,BULDAN,District,38.04504,28.83425
DENİZLİ,ÇAL,District,38.08553,29.39791
DENİZLİ,ÇAMELİ,District,37.07752,29.34722
DENİZLİ,ÇARDAK,District,37.8244,29.67343
DENİZLİ,ÇİVRİL,District,38.29364,29.73275
DENİZLİ,GÜNEY,District,38.15431,29.05429
DENİZLİ,HONAZ,District,37.75555,29.27008
DENİZLİ,KALE,District,37.44376,28.84546
DENİZLİ,SARAYKÖY,District,37.92374,28.92452
DENİZLİ,SERİNHİSAR,District,37.5811,29.265
DENİZLİ,TAVAS,District,37.57299,29.06831
DİYARBAKIR,BAĞLAR,District,37.91641,40.15717
DİYARBAKIR,SUR,District,37.87666,40.2408
DİYARBAKIR,YENİŞEHİR,District,37.93101,40.23783
DİYARBAKIR,BİSMİL,District,37.84514,40.65931
DİYARBAKIR,ÇERMİK,District,38.13538,39.445
DİYARBAKIR,ÇINAR,District,37.72274,40.41837
DİYARBAKIR,ÇÜNGÜŞ,District,38.21221,39.28786
DİYARBAKIR,DİCLE,District,38.36559,40.07896
DİYARBAKIR,EĞİL,District,38.25278,40.0807
DİYARBAKIR,ERGANİ,District,38.26899,39.75446
DİYARBAKIR,HANİ,District,38.40425,40.39899
DİYARBAKIR,HAZRO,District,38.25356,40.78211
DİYARBAKIR,KOCAKÖY,District,38.28889,40.49786
DİYARBAKIR,KULP,District,38.49754,41.00668
DİYARBAKIR,LİCE,District,38.45337,40.64002
DİYARBAKIR,SİLVAN,District,38.14341,41.0087
DİYARBAKIR,KAYAPINAR,District,37.93673,40.17672
EDİRNE,ENEZ,District,40.71521,26.10824
EDİRNE,HAVSA,District,41.5508,26.82015
EDİRNE,İPSALA,District,40.91875,26.38249
EDİRNE,KEŞAN,District,40.85656,26.63041
EDİRNE,LALAPAŞA,District,41.83882,26.72299
EDİRNE,MERİÇ,District,41.18916,26.41573
EDİRNE,SÜLOĞLU,District,41.76706,26.90376
EDİRNE,UZUNKÖPRÜ,District,41.25907,26.68521
ELAZIĞ,AĞIN,District,38.94579,38.71439
ELAZIĞ,ALACAKAYA,District,38.46174,39.86252
ELAZIĞ,ARICAK,District,38.55716,40.13853
ELAZIĞ,BASKİL,District,38.5752,38.82413
ELAZIĞ,KARAKOÇAN,District,38.95459,40.03811
ELAZIĞ,KEBAN,District,38.7938,38.73516
ELAZIĞ,KOVANCILAR,District,38.7208,39.87271
ELAZIĞ,MADEN,District,38.39181,39.66874
ELAZIĞ,PALU,District,38.69135,39.91984
ELAZIĞ,SİVRİCE,District,38.44135,39.30522
ERZİNCAN,ÇAYIRLI,District,39.80385,40.03616
ERZİNCAN,İLİÇ,District,39.45625,38.56412
ERZİNCAN,KEMAH,District,39.60123,39.0332
ERZİNCAN,KEMALİYE,District,39.26225,38.49578
ERZİNCAN,OTLUKBELİ,District,39.9711,40.02229
ERZİNCAN,REFAHİYE,District,39.89996,38.76779
ERZİNCAN,TERCAN,District,39.77811,40.38667
ERZİNCAN,ÜZÜMLÜ,District,39.70454,39.70165
ERZURUM,YAKUTİYE,District,39.923,41.24724
ERZURUM,PALANDÖKEN,District,39.88206,41.24578
ERZURUM,AŞKALE,District,39.92137,40.69202
ERZURUM,ÇAT,District,39.6119,40.97684
ERZURUM,HINIS,District,39.3676,41.70142
ERZURUM,HORASAN,District,40.04598,42.16439
ERZURUM,AZİZİYE,District,39.9459,41.1078
ERZURUM,İSPİR,District,40.48403,40.99807
ERZURUM,KARAÇOBAN,District,39.35532,42.09943
ERZURUM,KARAYAZI,District,39.70173,42.14532
ERZURUM,KÖPRÜKÖY,District,39.97197,41.87292
ERZURUM,NARMAN,District,40.34719,41.87113
ERZURUM,OLTU,District,40.54618,41.99769
ERZURUM,OLUR,District,40.82691,42.13257
ERZURUM,PASİNLER,District,39.97899,41.67416
ERZURUM,PAZARYOLU,District,40.41473,40.77386
ERZURUM,ŞENKAYA,District,40.57036,42.33602
ERZURUM,TEKMAN,District,39.64534,41.50778
ERZURUM,TORTUM,District,40.2966,41.55077
ERZURUM,UZUNDERE,District,40.53596,41.54662
ESKİŞEHİR,ODUNPAZARI,District,39.75382,30.52836
ESKİŞEHİR,TEPEBAŞI,District,39.80463,30.52837
ESKİŞEHİR,ALPU,District,39.76728,30.95694
ESKİŞEHİR,BEYLİKOVA,District,39.68933,31.20546
ESKİŞEHİR,ÇİFTELER,District,39.37398,31.0377
ESKİŞEHİR,GÜNYÜZÜ,District,39.38305,31.81836
ESKİŞEHİR,HAN,District,39.15875,30.86431
ESKİŞEHİR,İNÖNÜ,District,39.81669,30.14375
ESKİŞEHİR,MAHMUDİYE,District,39.49098,30.98011
ESKİŞEHİR,MİHALGAZİ,District,40.02821,30.57726
ESKİŞEHİR,MİHALIÇÇIK,District,39.86599,31.49607
ESKİŞEHİR,SARICAKAYA,District,40.03976,30.62174
ESKİŞEHİR,SEYİTGAZİ,District,39.44654,30.69577
ESKİŞEHİR,SİVRİHİSAR,District,39.44186,31.52599
GAZİANTEP,ŞAHİNBEY,District,37.04741,37.41044
GAZİANTEP,ŞEHİTKAMİL,District,37.07962,37.38003
GAZİANTEP,ARABAN,District,37.42594,37.68902
GAZİANTEP,İSLAHİYE,District,37.02191,36.62819
GAZİANTEP,KARKAMIŞ,District,36.84208,37.98044
GAZİANTEP,NİZİP,District,36.99782,37.79052
GAZİANTEP,NURDAĞI,District,37.16821,36.73623
GAZİANTEP,OĞUZELİ,District,36.96571,37.51436
GAZİANTEP,YAVUZELİ,District,37.31637,37.56679
GİRESUN,ALUCRA,District,40.31764,38.76555
GİRESUN,BULANCAK,District,40.92518,38.22158
GİRESUN,ÇAMOLUK,District,40.1345,38.73413
GİRESUN,ÇANAKÇI,District,40.91661,39.00891
GİRESUN,DERELİ,District,40.74169,38.46072
GİRESUN,DOĞANKENT,District,40.81145,38.91534
GİRESUN,ESPİYE,District,40.93135,38.694
GİRESUN,EYNESİL,District,41.05019,39.14982
GİRESUN,GÖRELE,District,41.02032,38.99621
GİRESUN,GÜCE,District,40.89348,38.80828
GİRESUN,KEŞAP,District,40.8993,38.51606
GİRESUN,PİRAZİZ,District,40.93864,38.12579
GİRESUN,ŞEBİNKARAHİSAR,District,40.28837,38.42355
GİRESUN,TİREBOLU,District,40.98887,38.82083
GİRESUN,YAĞLIDERE,District,40.86006,38.62506
GÜMÜŞHANE,KELKİT,District,40.12682,39.43424
GÜMÜŞHANE,KÖSE,District,40.21118,39.6522
GÜMÜŞHANE,KÜRTÜN,District,40.70172,39.087
GÜMÜŞHANE,ŞİRAN,District,40.19064,39.11747
GÜMÜŞHANE,TORUL,District,40.56025,39.31358
HAKKARİ,ÇUKURCA,District,37.25657,43.60212
HAKKARİ,ŞEMDİNLİ,District,37.30417,44.57628
HAKKARİ,YÜKSEKOVA,District,37.56619,44.27533
HATAY,ALTINÖZÜ,District,36.11554,36.24854
HATAY,BELEN,District,36.49322,36.19337
HATAY,DÖRTYOL,District,36.85231,36.22062
HATAY,ERZİN,District,36.9559,36.19781
HATAY,HASSA,District,36.79938,36.5291
HATAY,İSKENDERUN,District,36.58046,36.18303
HATAY,KIRIKHAN,District,36.49864,36.37211
HATAY,KUMLU,District,36.36463,36.45541
HATAY,REYHANLI,District,36.2723,36.57355
HATAY,SAMANDAĞ,District,36.08469,35.97855
HATAY,YAYLADAĞI,District,35.90234,36.06397
ISPARTA,AKSU,District,37.80238,31.06615
ISPARTA,ATABEY,District,37.95228,30.63887
ISPARTA,EĞİRDİR,District,37.8515,30.84473
ISPARTA,GELENDOST,District,38.11697,31.02518
ISPARTA,GÖNEN,District,37.94832,30.51189
ISPARTA,KEÇİBORLU,District,37.94488,30.30321
ISPARTA,SENİRKENT,District,38.11016,30.54767
ISPARTA,SÜTÇÜLER,District,37.4959,30.98189
ISPARTA,ŞARKİKARAAĞAÇ,District,38.0824,31.36566
ISPARTA,ULUBORLU,District,38.07821,30.4487
ISPARTA,YALVAÇ,District,38.29203,31.16821
ISPARTA,YENİŞARBADEMLİ,District,37.71125,31.38899
MERSİN,AKDENİZ,District,36.80401,34.62903
MERSİN,TOROSLAR,District,36.85314,34.59004
MERSİN,YENİŞEHİR,District,36.79237,34.57899
MERSİN,ANAMUR,District,36.08232,32.84196
MERSİN,AYDINCIK,District,36.15185,33.32215
MERSİN,BOZYAZI,District,36.11607,32.97548
MERSİN,ÇAMLIYAYLA,District,37.16004,34.59344
MERSİN,ERDEMLİ,District,36.61658,34.30355
MERSİN,GÜLNAR,District,36.33917,33.39095
MERSİN,MUT,District,36.63981,33.43605
MERSİN,SİLİFKE,District,36.37495,33.92526
MERSİN,TARSUS,District,36.91298,34.89559
MERSİN,MEZİTLİ,District,36.75211,34.52443
KARS,AKYAKA,District,40.74271,43.62879
KARS,ARPAÇAY,District,40.84607,43.31983
KARS,DİGOR,District,40.38151,43.41748
KARS,KAĞIZMAN,District,40.16107,43.10764
KARS,SARIKAMIŞ,District,40.32769,42.58705
KARS,SELİM,District,40.4644,42.78962
KARS,SUSUZ,District,40.7822,43.13259
KASTAMONU,ABANA,District,41.96576,34.04738
KASTAMONU,AĞLI,District,41.6871,33.55383
KASTAMONU,ARAÇ,District,41.24265,33.32665
KASTAMONU,AZDAVAY,District,41.64193,33.30128
KASTAMONU,BOZKURT,District,41.9355,34.04294
KASTAMONU,CİDE,District,41.89137,33.00267
KASTAMONU,ÇATALZEYTİN,District,41.94011,34.20659
KASTAMONU,DADAY,District,41.47699,33.46676
KASTAMONU,DEVREKÂNİ,District,41.6017,33.83846
KASTAMONU,DOĞANYURT,District,41.99026,33.4643
KASTAMONU,HANÖNÜ,District,41.63446,34.46261
KASTAMONU,İHSANGAZİ,District,41.20412,33.55427
KASTAMONU,İNEBOLU,District,41.96069,33.7513
KASTAMONU,KÜRE,District,41.80776,33.71174
KASTAMONU,PINARBAŞI,District,41.59355,33.11705
KASTAMONU,SEYDİLER,District,41.61936,33.71866
KASTAMONU,ŞENPAZAR,District,41.81744,33.22872
KASTAMONU,TAŞKÖPRÜ,District,41.5051,34.22708
KASTAMONU,TOSYA,District,41.00216,34.04888
KAYSERİ,KOCASİNAN,District,38.74857,35.47491
KAYSERİ,MELİKGAZİ,District,38.69857,35.49332
KAYSERİ,AKKIŞLA,District,39.00233,36.16847
KAYSERİ,BÜNYAN,District,38.85494,35.85566
KAYSERİ,DEVELİ,District,38.37776,35.47818
KAYSERİ,FELAHİYE,District,39.08994,35.56914
KAYSERİ,HACILAR,District,38.64646,35.45326
KAYSERİ,İNCESU,District,38.62428,35.18569
KAYSERİ,ÖZVATAN,District,39.10858,35.70107
KAYSERİ,PINARBAŞI,District,38.71988,36.38908
KAYSERİ,SARIOĞLAN,District,39.0771,35.96917
KAYSERİ,SARIZ,District,38.47313,36.50897
KAYSERİ,TALAS,District,38.6935,35.54972
KAYSERİ,TOMARZA,District,38.44593,35.80676
KAYSERİ,YAHYALI,District,38.09935,35.35925
KAYSERİ,YEŞİLHİSAR,District,38.35091,35.08934
KIRKLARELİ,BABAESKİ,District,41.43156,27.0918
KIRKLARELİ,DEMİRKÖY,District,41.82623,27.77129
KIRKLARELİ,KOFÇAZ,District,41.94471,27.15828
KIRKLARELİ,LÜLEBURGAZ,District,41.41025,27.35272
KIRKLARELİ,PEHLİVANKÖY,District,41.34374,26.91633
KIRKLARELİ,PINARHİSAR,District,41.62842,27.51574
KIRKLARELİ,VİZE,District,41.57612,27.76771
KIRŞEHİR,AKÇAKENT,District,39.6255,34.09608
KIRŞEHİR,AKPINAR,District,39.44933,33.96547
KIRŞEHİR,BOZTEPE,District,39.26656,34.26144
KIRŞEHİR,ÇİÇEKDAĞI,District,39.60443,34.41746
KIRŞEHİR,KAMAN,District,39.35946,33.7228
KIRŞEHİR,MUCUR,District,39.06298,34.37593
KOCAELİ,İZMİT,District,40.79928,29.87338
KOCAELİ,DERİNCE,District,40.77153,29.81035
KOCAELİ,GEBZE,District,40.80032,29.42419
KOCAELİ,GÖLCÜK,District,40.70911,29.79519
KOCAELİ,KANDIRA,District,41.07057,30.15211
KOCAELİ,KARAMÜRSEL,District,40.67821,29.61183
KOCAELİ,KÖRFEZ,District,40.78884,29.6974
KOCAELİ,BAŞİSKELE,District,40.71374,29.95299
KOCAELİ,ÇAYIROVA,District,40.83033,29.3808
KOCAELİ,DARICA,District,40.79033,29.38194
KOCAELİ,DİLOVASI,District,40.79242,29.54025
KOCAELİ,KARTEPE,District,40.73904,30.00668
KONYA,KARATAY,District,37.83696,32.53811
KONYA,MERAM,District,37.83136,32.46007
KONYA,SELÇUKLU,District,37.90243,32.47736
KONYA,AHIRLI,District,37.23828,32.12143
KONYA,AKÖREN,District,37.45166,32.36597
KONYA,AKŞEHİR,District,38.35889,31.4202
KONYA,ALTINEKİN,District,38.30727,32.86471
KONYA,BEYŞEHİR,District,37.67707,31.72823
KONYA,BOZKIR,District,37.19427,32.25277
KONYA,CİHANBEYLİ,District,38.65789,32.92152
KONYA,ÇELTİK,District,39.01228,31.80128
KONYA,ÇUMRA,District,37.56944,32.78248
KONYA,DERBENT,District,38.01827,32.01581
KONYA,DEREBUCAK,District,37.38948,31.51363
KONYA,DOĞANHİSAR,District,38.14623,31.67699
KONYA,EMİRGAZİ,District,37.8947,33.83781
KONYA,EREĞLİ,District,37.51043,34.05139
KONYA,GÜNEYSINIR,District,37.27653,32.73246
KONYA,HADİM,District,36.98609,32.45582
KONYA,HALKAPINAR,District,37.42577,34.20374
KONYA,HÜYÜK,District,37.95247,31.5991
KONYA,ILGIN,District,38.27932,31.91238
KONYA,KADINHANI,District,38.24089,32.21063
KONYA,KARAPINAR,District,37.71618,33.5494
KONYA,KULU,District,39.08999,33.07945
KONYA,SARAYÖNÜ,District,38.26033,32.40587
KONYA,SEYDİŞEHİR,District,37.42735,31.83167
KONYA,TAŞKENT,District,36.92405,32.49163
KONYA,TUZLUKÇU,District,38.47324,31.62748
KONYA,YALIHÜYÜK,District,37.29348,32.09137
KONYA,YUNAK,District,38.8164,31.73149
KÜTAHYA,ALTINTAŞ,District,39.05778,30.10932
KÜTAHYA,ASLANAPA,District,39.20951,29.86055
KÜTAHYA,ÇAVDARHİSAR,District,39.19725,29.60547
KÜTAHYA,DOMANİÇ,District,39.79668,29.60956
KÜTAHYA,DUMLUPINAR,District,38.85362,29.97886
KÜTAHYA,EMET,District,39.33949,29.27921
KÜTAHYA,GEDİZ,District,38.98589,29.3898
KÜTAHYA,HİSARCIK,District,39.25042,29.22495
KÜTAHYA,PAZARLAR,District,38.99593,29.12073
KÜTAHYA,SİMAV,District,39.09028,28.9793
KÜTAHYA,ŞAPHANE,District,39.02532,29.21788
KÜTAHYA,TAVŞANLI,District,39.54234,29.49023
MALATYA,AKÇADAĞ,District,38.34504,37.97122
MALATYA,ARAPGİR,District,39.04191,38.4933
MALATYA,ARGUVAN,District,38.78208,38.26546
MALATYA,BATTALGAZİ,District,38.42652,38.36703
MALATYA,DARENDE,District,38.5626,37.49067
MALATYA,DOĞANŞEHİR,District,38.08574,37.87116
MALATYA,DOĞANYOL,District,38.30746,39.03431
MALATYA,HEKİMHAN,District,38.81622,37.92882
MALATYA,KALE,District,38.4038,38.74632
MALATYA,KULUNCAK,District,38.86514,37.68231
MALATYA,PÜTÜRGE,District,38.19923,38.86296
MALATYA,YAZIHAN,District,38.59722,38.18065
MALATYA,YEŞİLYURT,District,38.29772,38.25434
MANİSA,AHMETLİ,District,38.51748,27.93854
MANİSA,AKHİSAR,District,38.92196,27.83784
MANİSA,ALAŞEHİR,District,38.3518,28.5106
MANİSA,DEMİRCİ,District,39.04779,28.66879
MANİSA,GÖLMARMARA,District,38.71248,27.91728
MANİSA,GÖRDES,District,38.93106,28.28734
MANİSA,KIRKAĞAÇ,District,39.09855,27.67071
MANİSA,KÖPRÜBAŞI,District,38.74893,28.40278
MANİSA,KULA,District,38.54209,28.63345
MANİSA,SALİHLİ,District,38.48108,28.13137
MANİSA,SARIGÖL,District,38.23833,28.67181
MANİSA,SARUHANLI,District,38.72912,27.57526
MANİSA,SELENDİ,District,38.74175,28.87105
MANİSA,SOMA,District,39.18002,27.60202
MANİSA,TURGUTLU,District,38.4878,27.70152
KAHRAMANMARAŞ,AFŞİN,District,38.25334,36.93214
KAHRAMANMARAŞ,ANDIRIN,District,37.58192,36.36252
KAHRAMANMARAŞ,ÇAĞLAYANCERİT,District,37.74739,37.29538
KAHRAMANMARAŞ,EKİNÖZÜ,District,38.05541,37.19447
KAHRAMANMARAŞ,ELBİSTAN,District,38.19428,37.18436
KAHRAMANMARAŞ,GÖKSUN,District,38.01914,36.48249
KAHRAMANMARAŞ,NURHAK,District,37.96366,37.44047
KAHRAMANMARAŞ,PAZARCIK,District,37.48396,37.29217
KAHRAMANMARAŞ,TÜRKOĞLU,District,37.37808,36.85829
MARDİN,DARGEÇİT,District,37.54616,41.71652
MARDİN,DERİK,District,37.36336,40.26473
MARDİN,KIZILTEPE,District,37.18836,40.57723
MARDİN,MAZIDAĞI,District,37.478,40.48152
MARDİN,MİDYAT,District,37.41908,41.33909
MARDİN,NUSAYBİN,District,37.08755,41.21947
MARDİN,ÖMERLİ,District,37.39903,40.95442
MARDİN,SAVUR,District,37.54965,40.88866
MARDİN,YEŞİLLİ,District,37.34445,40.8179
MUĞLA,BODRUM,District,37.04617,27.4115
MUĞLA,DALAMAN,District,36.76635,28.80061
MUĞLA,DATÇA,District,36.74858,27.65557
MUĞLA,FETHİYE,District,36.63151,29.1378
MUĞLA,KAVAKLIDERE,District,37.44849,28.36366
MUĞLA,KÖYCEĞİZ,District,36.97296,28.69599
MUĞLA,MARMARİS,District,36.86891,28.26165
MUĞLA,MİLAS,District,37.31181,27.78262
MUĞLA,ORTACA,District,36.83855,28.76473
MUĞLA,ULA,District,37.10692,28.41468
MUĞLA,YATAĞAN,District,37.34615,28.14511
MUŞ,BULANIK,District,39.09916,42.27872
MUŞ,HASKÖY,District,38.68804,41.69008
MUŞ,KORKUT,District,38.73853,41.78714
MUŞ,MALAZGİRT,District,39.1465,42.53536
MUŞ,VARTO,District,39.17375,41.45402
NEVŞEHİR,ACIGÖL,District,38.55014,34.50327
NEVŞEHİR,AVANOS,District,38.70803,34.85079
NEVŞEHİR,DERİNKUYU,District,38.37473,34.73403
NEVŞEHİR,GÜLŞEHİR,District,38.7457,34.61789
NEVŞEHİR,HACIBEKTAŞ,District,38.94068,34.55943
NEVŞEHİR,KOZAKLI,District,39.21709,34.85105
NEVŞEHİR,ÜRGÜP,District,38.63175,34.91401
NİĞDE,ALTUNHİSAR,District,37.98974,34.37363
NİĞDE,BOR,District,37.89159,34.558
NİĞDE,ÇAMARDI,District,37.83367,34.9849
NİĞDE,ÇİFTLİK,District,38.18042,34.49868
NİĞDE,ULUKIŞLA,District,37.54816,34.48265
ORDU,AKKUŞ,District,40.79013,37.01767
ORDU,AYBASTI,District,40.68543,37.39944
ORDU,ÇAMAŞ,District,40.902,37.52786
ORDU,ÇATALPINAR,District,40.87787,37.45415
ORDU,ÇAYBAŞI,District,41.01713,37.09828
ORDU,FATSA,District,41.02451,37.48416
ORDU,GÖLKÖY,District,40.68689,37.61544
ORDU,GÜLYALI,District,40.95348,38.05299
ORDU,GÜRGENTEPE,District,40.78965,37.59961
ORDU,İKİZCE,District,41.0528,37.07703
ORDU,KABADÜZ,District,40.85993,37.8906
ORDU,KABATAŞ,District,40.75126,37.45058
ORDU,KORGAN,District,40.82951,37.34439
ORDU,KUMRU,District,40.87382,37.26437
ORDU,MESUDİYE,District,40.46298,37.77155
ORDU,PERŞEMBE,District,41.05533,37.75953
ORDU,ULUBEY,District,40.87434,37.7578
ORDU,ÜNYE,District,41.12011,37.27481
RİZE,ARDEŞEN,District,41.17593,40.97395
RİZE,ÇAMLIHEMŞİN,District,41.04919,41.00259
RİZE,ÇAYELİ,District,41.07793,40.73447
RİZE,DEREPAZARI,District,41.01338,40.43865
RİZE,FINDIKLI,District,41.26375,41.15636
RİZE,GÜNEYSU,District,40.9869,40.61572
RİZE,HEMŞİN,District,41.04779,40.89903
RİZE,İKİZDERE,District,40.77769,40.56047
RİZE,İYİDERE,District,40.98791,40.35688
RİZE,KALKANDERE,District,40.92786,40.4419
RİZE,PAZAR,District,41.16174,40.8995
SAKARYA,AKYAZI,District,40.68451,30.6244
SAKARYA,FERİZLİ,District,40.94135,30.49524
SAKARYA,GEYVE,District,40.51051,30.28984
SAKARYA,HENDEK,District,40.79864,30.74538
SAKARYA,KARAPÜRÇEK,District,40.64398,30.53833
SAKARYA,KARASU,District,41.09507,30.69122
SAKARYA,KAYNARCA,District,41.03551,30.30433
SAKARYA,KOCAALİ,District,41.05648,30.85202
SAKARYA,PAMUKOVA,District,40.50984,30.16831
SAKARYA,SAPANCA,District,40.69406,30.26253
SAKARYA,SÖĞÜTLÜ,District,40.89887,30.47884
SAKARYA,TARAKLI,District,40.39845,30.4931
SAKARYA,ADAPAZARI,District,40.7866,30.40077
SAKARYA,ARİFİYE,District,40.71027,30.35893
SAKARYA,ERENLER,District,40.7497,30.40648
SAKARYA,SERDİVAN,District,40.81718,30.33362
SAMSUN,ATAKUM,District,41.3247,36.26446
SAMSUN,CANİK,District,41.25198,36.33301
SAMSUN,İLKADIM,District,41.28959,36.28829
SAMSUN,ALAÇAM,District,41.60876,35.59822
SAMSUN,ASARCIK,District,41.03655,36.23411
SAMSUN,AYVACIK,District,41.00312,36.62123
SAMSUN,BAFRA,District,41.56915,35.87876
SAMSUN,ÇARŞAMBA,District,41.19593,36.72643
SAMSUN,HAVZA,District,40.96173,35.66165
SAMSUN,KAVAK,District,41.0786,36.0419
SAMSUN,LADİK,District,40.91676,35.88976
SAMSUN,19 MAYIS,District,41.4939,36.0814
SAMSUN,SALIPAZARI,District,41.08299,36.82437
SAMSUN,TEKKEKÖY,District,41.21986,36.45174
SAMSUN,TERME,District,41.20882,36.97237
SAMSUN,VEZİRKÖPRÜ,District,41.15116,35.46664
SAMSUN,YAKAKENT,District,41.61985,35.52823
SİİRT,TİLLO,District,37.94882,42.01143
SİİRT,BAYKAN,District,38.16885,41.77986
SİİRT,ERUH,District,37.74893,42.1812
SİİRT,KURTALAN,District,37.92533,41.68493
SİİRT,PERVARİ,District,37.93327,42.54675
SİİRT,ŞİRVAN,District,38.06251,42.02517
SİNOP,AYANCIK,District,41.93167,34.58874
SİNOP,BOYABAT,District,41.47149,34.77898
SİNOP,DİKMEN,District,41.65142,35.2637
SİNOP,DURAĞAN,District,41.41616,35.05809
SİNOP,ERFELEK,District,41.90005,34.90427
SİNOP,GERZE,District,41.79667,35.17143
SİNOP,SARAYDÜZÜ,District,41.32965,34.84805
SİNOP,TÜRKELİ,District,41.92608,34.31109
SİVAS,AKINCILAR,District,40.07828,38.34672
SİVAS,ALTINYAYLA,District,39.26799,36.75131
SİVAS,DİVRİĞİ,District,39.36737,38.10618
SİVAS,DOĞANŞAR,District,40.21371,37.53986
SİVAS,GEMEREK,District,39.1805,36.0596
SİVAS,GÖLOVA,District,40.06964,38.61257
SİVAS,GÜRÜN,District,38.71473,37.26869
SİVAS,HAFİK,District,39.85514,37.38683
SİVAS,İMRANLI,District,39.87196,38.11135
SİVAS,KANGAL,District,39.23352,37.38957
SİVAS,KOYULHİSAR,District,40.29452,37.83486
SİVAS,SUŞEHRİ,District,40.1709,38.0846
SİVAS,ŞARKIŞLA,District,39.35077,36.40056
SİVAS,ULAŞ,District,39.44432,37.03613
SİVAS,YILDIZELİ,District,39.86655,36.60085
SİVAS,ZARA,District,39.89669,37.75716
TEKİRDAĞ,ÇERKEZKÖY,District,41.2659,27.99894
TEKİRDAĞ,ÇORLU,District,41.16382,27.79863
TEKİRDAĞ,HAYRABOLU,District,41.21473,27.10772
TEKİRDAĞ,MALKARA,District,40.89333,26.89316
TEKİRDAĞ,MARMARA EREĞLİSİ,District,40.98315,27.93391
TEKİRDAĞ,MURATLI,District,41.17316,27.49904
TEKİRDAĞ,SARAY,District,41.44404,27.92021
TEKİRDAĞ,ŞARKÖY,District,40.62473,27.1028
TOKAT,ALMUS,District,40.38193,36.89205
TOKAT,ARTOVA,District,40.1105,36.30629
TOKAT,BAŞÇİFTLİK,District,40.54557,37.16964
TOKAT,ERBAA,District,40.67294,36.56625
TOKAT,NİKSAR,District,40.59094,36.94439
TOKAT,PAZAR,District,40.27591,36.28313
TOKAT,REŞADİYE,District,40.39297,37.33864
TOKAT,SULUSARAY,District,39.98634,36.07574
TOKAT,TURHAL,District,40.38255,36.08414
TOKAT,YEŞİLYURT,District,40.01035,36.21757
TOKAT,ZİLE,District,40.29892,35.88249
TRABZON,AKÇAABAT,District,41.00333,39.57942
TRABZON,ARAKLI,District,40.92693,40.04567
TRABZON,ARSİN,District,40.94192,39.93939
TRABZON,BEŞİKDÜZÜ,District,41.04339,39.2146
TRABZON,ÇARŞIBAŞI,District,41.07144,39.38573
TRABZON,ÇAYKARA,District,40.74685,40.24373
TRABZON,DERNEKPAZARI,District,40.79945,40.2536
TRABZON,DÜZKÖY,District,40.87484,39.42487
TRABZON,HAYRAT,District,40.88868,40.36805
TRABZON,KÖPRÜBAŞI,District,40.80042,40.13123
TRABZON,MAÇKA,District,40.81138,39.61322
TRABZON,OF,District,40.93243,40.27627
TRABZON,SÜRMENE,District,40.89957,40.11465
TRABZON,ŞALPAZARI,District,40.94257,39.19483
TRABZON,TONYA,District,40.8849,39.29022
TRABZON,VAKFIKEBİR,District,41.03378,39.27493
TRABZON,YOMRA,District,40.94307,39.86216
TUNCELİ,HOZAT,District,39.10062,39.22818
TUNCELİ,MAZGİRT,District,39.01846,39.60645
TUNCELİ,NAZIMİYE,District,39.17868,39.82197
TUNCELİ,OVACIK,District,39.35775,39.21647
TUNCELİ,PERTEK,District,38.86574,39.32273
TUNCELİ,PÜLÜMÜR,District,39.48514,39.89828
ŞANLIURFA,AKÇAKALE,District,36.72192,38.9429
ŞANLIURFA,BİRECİK,District,37.02318,37.977
ŞANLIURFA,BOZOVA,District,37.36015,38.52574
ŞANLIURFA,CEYLANPINAR,District,36.85419,40.051
ŞANLIURFA,HALFETİ,District,37.24546,37.87023
ŞANLIURFA,HARRAN,District,36.86007,39.03366
ŞANLIURFA,HİLVAN,District,37.58705,38.95469
ŞANLIURFA,SİVEREK,District,37.74825,39.31782
ŞANLIURFA,SURUÇ,District,36.97723,38.42586
ŞANLIURFA,VİRANŞEHİR,District,37.23108,39.76262
UŞAK,BANAZ,District,38.73472,29.74948
UŞAK,EŞME,District,38.39925,28.95816
UŞAK,KARAHALLI,District,38.32222,29.5315
UŞAK,SİVASLI,District,38.49956,29.68045
UŞAK,ULUBEY,District,38.42088,29.29099
VAN,BAHÇESARAY,District,38.12178,42.82089
VAN,BAŞKALE,District,38.04713,44.01701
VAN,ÇALDIRAN,District,39.14035,43.90079
VAN,ÇATAK,District,38.00829,43.05597
VAN,EDREMİT,District,38.40864,43.2617
VAN,ERCİŞ,District,39.03462,43.36415
VAN,GEVAŞ,District,38.29421,43.10919
VAN,GÜRPINAR,District,38.32372,43.40991
VAN,MURADİYE,District,38.99204,43.76355
VAN,ÖZALP,District,38.65455,43.98869
VAN,SARAY,District,38.64313,44.17203
YOZGAT,AKDAĞMADENİ,District,39.66093,35.88353
YOZGAT,AYDINCIK,District,40.126,35.28374
YOZGAT,BOĞAZLIYAN,District,39.19301,35.24663
YOZGAT,ÇANDIR,District,39.24584,35.514
YOZGAT,ÇAYIRALAN,District,39.30477,35.6348
YOZGAT,ÇEKEREK,District,40.07392,35.48604
YOZGAT,KADIŞEHRİ,District,39.99785,35.79108
YOZGAT,SARAYKENT,District,39.6912,35.51143
YOZGAT,SARIKAYA,District,39.49404,35.37699
YOZGAT,SORGUN,District,39.80984,35.18225
YOZGAT,ŞEFAATLİ,District,39.49783,34.75846
YOZGAT,YENİFAKILI,District,39.21006,35.00374
YOZGAT,YERKÖY,District,39.64075,34.46865
ZONGULDAK,ALAPLI,District,41.17699,31.40013
ZONGULDAK,ÇAYCUMA,District,41.42105,32.06663
ZONGULDAK,DEVREK,District,41.21288,31.95032
ZONGULDAK,EREĞLİ,District,41.27983,31.43839
ZONGULDAK,GÖKÇEBEY,District,41.30453,32.13996
AKSARAY,AĞAÇÖREN,District,38.86797,33.91786
AKSARAY,ESKİL,District,38.39682,33.40803
AKSARAY,GÜLAĞAÇ,District,38.39334,34.34688
AKSARAY,GÜZELYURT,District,38.28053,34.37287
AKSARAY,ORTAKÖY,District,38.73666,34.03921
AKSARAY,SARIYAHŞİ,District,38.98029,33.84276
BAYBURT,AYDINTEPE,District,40.38325,40.14272
BAYBURT,DEMİRÖZÜ,District,40.16023,39.89239
KARAMAN,AYRANCI,District,37.36211,33.69079
KARAMAN,BAŞYAYLA,District,36.7528,32.68096
KARAMAN,ERMENEK,District,36.63992,32.88814
KARAMAN,KAZIMKARABEKİR,District,37.22639,32.95853
KARAMAN,SARIVELİLER,District,36.69751,32.62301
KIRIKKALE,BAHŞİLİ,District,39.78758,33.45499
KIRIKKALE,BALIŞEYH,District,39.90956,33.71743
KIRIKKALE,ÇELEBİ,District,39.46414,33.52568
KIRIKKALE,DELİCE,District,39.94458,34.03209
KIRIKKALE,KARAKEÇİLİ,District,39.5931,33.38108
KIRIKKALE,KESKİN,District,39.67454,33.61496
KIRIKKALE,SULAKYURT,District,40.16003,33.71772
KIRIKKALE,YAHŞİHAN,District,39.84846,33.45145
BATMAN,BEŞİRİ,District,37.91573,41.2865
BATMAN,GERCÜŞ,District,37.56526,41.38259
BATMAN,HASANKEYF,District,37.71332,41.41365
BATMAN,KOZLUK,District,38.18705,41.48874
BATMAN,SASON,District,38.33179,41.40492
ŞIRNAK,BEYTÜŞŞEBAP,District,37.57057,43.1667
ŞIRNAK,CİZRE,District,37.33745,42.19224
ŞIRNAK,GÜÇLÜKONAK,District,37.47271,41.91778
ŞIRNAK,İDİL,District,37.33481,41.88944
ŞIRNAK,SİLOPİ,District,37.24613,42.46761
ŞIRNAK,ULUDERE,District,37.44567,42.8519
BARTIN,AMASRA,District,41.71552,32.39338
BARTIN,KURUCAŞİLE,District,41.82704,32.71784
BARTIN,ULUS,District,41.57567,32.65872
ARDAHAN,ÇILDIR,District,41.12673,43.13562
ARDAHAN,DAMAL,District,41.34145,42.8368
ARDAHAN,GÖLE,District,40.79383,42.60984
ARDAHAN,HANAK,District,41.2365,42.84554
ARDAHAN,POSOF,District,41.50895,42.72809
IĞDIR,ARALIK,District,39.87588,44.50406
IĞDIR,KARAKOYUNLU,District,39.97456,44.16429
IĞDIR,TUZLUCA,District,40.03871,43.65208
YALOVA,ALTINOVA,District,40.69495,29.50899
YALOVA,ARMUTLU,District,40.52631,28.84299
YALOVA,ÇINARCIK,District,40.63119,29.11151
YALOVA,ÇİFTLİKKÖY,District,40.65931,29.32545
YALOVA,TERMAL,District,40.60937,29.16507
KARABÜK,EFLANİ,District,41.42177,32.9519
KARABÜK,ESKİPAZAR,District,40.94237,32.53218
KARABÜK,OVACIK,District,41.08074,32.91646
KARABÜK,SAFRANBOLU,District,41.24622,32.68029
KARABÜK,YENİCE,District,41.19764,32.32025
KİLİS,ELBEYLİ,District,36.67712,37.46677
KİLİS,MUSABEYLİ,District,36.8874,36.92061
KİLİS,POLATELİ,District,36.84241,37.14274
OSMANİYE,BAHÇE,District,37.19281,36.57753
OSMANİYE,DÜZİÇİ,District,37.25279,36.46314
OSMANİYE,HASANBEYLİ,District,37.12838,36.54609
OSMANİYE,KADİRLİ,District,37.37055,36.0979
OSMANİYE,SUMBAS,District,37.44854,36.02129
OSMANİYE,TOPRAKKALE,District,37.06241,36.14835
DÜZCE,AKÇAKOCA,District,41.07068,31.13293
DÜZCE,CUMAYERİ,District,40.87858,30.95035
DÜZCE,ÇİLİMLİ,District,40.89422,31.0472
DÜZCE,GÖLYAKA,District,40.77761,30.9973
DÜZCE,GÜMÜŞOVA,District,40.84639,30.93889
DÜZCE,KAYNAŞLI,District,40.76957,31.29298
DÜZCE,YIĞILCA,District,40.96152,31.44507
HATAY,ARSUZ,District,36.40663,35.90053
MUĞLA,SEYDİKEMER,District,36.63563,29.35694
TUNCELİ,ÇEMİŞGEZEK,District,39.06236,38.91331
ZONGULDAK,KOZLU,District,41.42928,31.75021
ZONGULDAK,KİLİMLİ,District,41.48505,31.84577
TEKİRDAĞ,KAPAKLI,District,41.32825,27.97664
BALIKESİR,ALTIEYLÜL,District,39.63025,27.88457
BALIKESİR,KARESİ,District,39.66006,27.88226
DENİZLİ,MERKEZEFENDİ,District,37.78514,29.08905
DENİZLİ,PAMUKKALE,District,37.75625,29.09976
ŞANLIURFA,EYYÜBİYE,District,37.14773,38.79694
KAHRAMANMARAŞ,DULKADİROĞLU,District,37.58171,36.94399
HATAY,DEFNE,District,36.14021,36.14201
TEKİRDAĞ,ERGENE,District,41.20414,27.7523
ŞANLIURFA,KARAKÖPRÜ,District,37.20524,38.79798
VAN,TUŞBA,District,38.52051,43.40055
VAN,İPEKYOLU,District,38.47954,43.40781
KAHRAMANMARAŞ,ONİKİ ŞUBAT,District,37.60402,36.77459
MANİSA,YUNUSEMRE,District,38.61412,27.38784
MANİSA,ŞEHZADELER,District,38.61955,27.45407
AYDIN,EFELER,District,37.85178,27.84536
MUĞLA,MENTEŞE,District,37.21906,28.3599
ORDU,ALTINORDU,District,40.96912,37.91046
TRABZON,ORTAHİSAR,District,41.01136,39.73368
HATAY,PAYAS,District,36.75831,36.22032
MARDİN,ARTUKLU,District,37.32571,40.72875
ŞANLIURFA,HALİLİYE,District,37.17676,38.81858
TEKİRDAĞ,SÜLEYMANPAŞA,District,40.98164,27.50293
SİNOP,,District,42.0246,35.14104
BALIKESİR,,District,39.65054,27.89536
DENİZLİ,,District,37.77153,29.09075
HATAY,ANTAKYA,District,36.20929,36.18994
İSTANBUL,ADALAR,District,40.8544,29.1172
İSTANBUL,AVCILAR,District,40.98029,28.72356
İSTANBUL,BAĞCILAR,District,41.03355,28.83284
İSTANBUL,BAHÇELİEVLER,District,41.0122,28.84449
İSTANBUL,BAKIRKÖY,District,40.98688,28.87826
İSTANBUL,BAYRAMPAŞA,District,41.04952,28.90384
İSTANBUL,BEŞİKTAŞ,District,41.07429,29.03548
İSTANBUL,BEYKOZ,District,41.12676,29.09786
İSTANBUL,BEYOĞLU,District,41.04502,28.95725
İSTANBUL,ESENLER,District,41.05871,28.86483
İSTANBUL,EYÜP,District,41.04841,28.92752
İSTANBUL,FATİH,District,41.0118,28.96212
İSTANBUL,GAZİ OSMANPAŞA,District,41.06733,28.91625
İSTANBUL,GÜNGÖREN,District,41.01763,28.87081
İSTANBUL,KADIKÖY,District,40.97434,29.0442
İSTANBUL,KAĞITHANE,District,41.08412,28.98817
İSTANBUL,KARTAL,District,40.90684,29.17299
İSTANBUL,KÜÇÜKÇEKMECE,District,41.01541,28.78393
İSTANBUL,MALTEPE,District,40.93732,29.13817
İSTANBUL,PENDİK,District,40.88535,29.2396
İSTANBUL,SARIYER,District,41.15889,29.03953
İSTANBUL,ŞİŞLİ,District,41.05732,28.97546
İSTANBUL,TUZLA,District,40.83288,29.31308
İSTANBUL,ÜMRANİYE,District,41.02076,29.13136
İSTANBUL,ÜSKÜDAR,District,41.04665,29.07033
İSTANBUL,ZEYTİNBURNU,District,40.9909,28.9081
İSTANBUL,BÜYÜKÇEKMECE,District,41.03565,28.57104
İSTANBUL,ÇATALCA,District,41.14386,28.45711
İSTANBUL,SİLİVRİ,District,41.09275,28.24526
İSTANBUL,SULTANBEYLİ,District,40.95235,29.29311
İSTANBUL,ŞİLE,District,41.16067,29.61449
İSTANBUL,ARNAVUTKÖY,District,41.18226,28.74017
İSTANBUL,ATAŞEHİR,District,40.9922,29.0924
İSTANBUL,BAŞAKŞEHİR,District,41.0624,28.68405
İSTANBUL,BEYLİKDÜZÜ,District,40.98151,28.64038
İSTANBUL,ÇEKMEKÖY,District,41.03721,29.1765
İSTANBUL,ESENYURT,District,41.02602,28.67717
İSTANBUL,SANCAKTEPE,District,40.98075,29.22278
İSTANBUL,SULTANGAZİ,District,41.10424,28.86255
İZMİR,BALÇOVA,District,38.39086,27.05621
İZMİR,BORNOVA,District,38.47012,27.21781
İZMİR,BUCA,District,38.38907,27.18321
İZMİR,ÇİĞLİ,District,38.50635,27.05735
İZMİR,GAZİEMİR,District,38.32162,27.13903
İZMİR,GÜZELBAHÇE,District,38.36122,26.8884
İZMİR,KARŞIYAKA,District,38.47064,27.10312
İZMİR,KONAK,District,38.42022,27.13058
İZMİR,NARLIDERE,District,38.38232,27.01006
İZMİR,ALİAĞA,District,38.7946,26.97703
İZMİR,BAYINDIR,District,38.21889,27.6483
İZMİR,BERGAMA,District,39.11719,27.18297
İZMİR,BEYDAĞ,District,38.08781,28.21069
İZMİR,ÇEŞME,District,38.32141,26.31522
İZMİR,DİKİLİ,District,39.07297,26.9012
İZMİR,FOÇA,District,38.68087,26.76924
İZMİR,KARABURUN,District,38.63533,26.49835
İZMİR,KEMALPAŞA,District,38.42149,27.42888
İZMİR,KINIK,District,39.09873,27.37936
İZMİR,KİRAZ,District,38.23338,28.20887
İZMİR,MENDERES,District,38.25413,27.13258
İZMİR,MENEMEN,District,38.61089,27.07006
İZMİR,ÖDEMİŞ,District,38.22923,27.97687
İZMİR,SEFERİHİSAR,District,38.19804,26.83954
İZMİR,SELÇUK,District,37.95151,27.3705
İZMİR,TİRE,District,38.09131,27.7335
İZMİR,TORBALI,District,38.15614,27.3584
İZMİR,URLA,District,38.31623,26.75979
İZMİR,KARABAĞLAR,District,38.38885,27.11554
İZMİR,BAYRAKLI,District,38.47606,27.16969
İSTANBUL,,City,41.02196,29.01079
İZMİR,,City,38.41026,27.15296
ARTVİN,KEMALPAŞA,District,41.4868,41.53028
AKSARAY,SULTANHANI,District,38.24843,33.55105
HAKKARİ,DERECİK,District,37.08287,44.31167
